date,portal,insurer,mean,median,std,p10,p90,min_price,max_price,n_obs,cv
2025-08-01,Falabella,Bci,47310.37,47376.0,918.8,47376.0,47988.0,44223.0,47988.0,41,1.9421
2025-08-01,Falabella,Cardif,30932.93,30849.0,551.81,30849.0,30853.0,30849.0,34510.0,44,1.7839
2025-08-01,Falabella,Consorcio,37955.34,37414.0,2219.43,37414.0,41289.0,32429.0,41289.0,44,5.8475
2025-08-01,Falabella,Fid,33151.89,33151.0,1.69,33151.0,33155.0,33151.0,33155.0,36,0.0051
2025-08-01,Falabella,Hdi,35543.7,35869.0,1218.66,35869.0,35873.0,31090.0,35873.0,44,3.4286
2025-08-01,Falabella,Sura,36065.8,34816.0,3191.36,34816.0,41100.0,30178.0,43463.0,41,8.8487
2025-08-01,Falabella,Zenit,43494.81,43532.0,834.77,43532.0,44120.0,40635.0,44120.0,43,1.9192
2025-08-01,Falabella,Zurich,31873.53,32172.0,1104.96,32172.0,32176.0,27886.0,32176.0,43,3.4667
2025-08-01,Santander,Consorcio,41149.57,39136.0,4554.15,39136.0,51211.0,39136.0,51211.0,42,11.0673
2025-08-01,Santander,Fid,42889.22,42888.0,2.17,42888.0,42893.0,42888.0,42893.0,37,0.0051
2025-08-01,Santander,Hdi,38492.95,38492.0,1.72,38492.0,38496.0,38492.0,38496.0,38,0.0045
2025-08-01,Santander,Mapfre,37860.07,37859.0,2.08,37859.0,37864.0,37859.0,37864.0,42,0.0055
2025-08-01,Santander,REALE,37294.86,37294.0,1.66,37294.0,37298.0,37294.0,37298.0,42,0.0045
2025-08-01,Santander,Sura,30892.86,30892.0,1.66,30892.0,30896.0,30892.0,30896.0,42,0.0054
2025-08-01,Santander,ZURICH,32836.1,32835.0,2.1,32835.0,32840.0,32835.0,32840.0,41,0.0064
2025-08-01,Santander,Zenit,28439.92,28439.0,1.71,28439.0,28443.0,28439.0,28443.0,39,0.006
2025-08-02,Falabella,Bci,47969.91,47963.0,11.3,47963.0,47988.0,47963.0,47988.0,47,0.0236
2025-08-02,Falabella,Cardif,34111.04,34487.0,1124.14,33395.6,34505.0,30849.0,34505.0,48,3.2955
2025-08-02,Falabella,Consorcio,41330.54,41268.0,393.17,41268.0,41289.0,41268.0,43997.0,48,0.9513
2025-08-02,Falabella,Fid,33138.86,33134.0,7.79,33134.0,33151.0,33134.0,33151.0,35,0.0235
2025-08-02,Falabella,Hdi,35855.26,35850.0,8.59,35850.0,35869.0,35850.0,35869.0,47,0.024
2025-08-02,Falabella,Sura,35603.9,34798.0,2293.52,34798.0,36765.4,34798.0,44807.0,42,6.4418
2025-08-02,Falabella,Zenit,44103.0,44097.0,10.21,44097.0,44120.0,44097.0,44120.0,46,0.0232
2025-08-02,Falabella,Zurich,32159.7,32155.0,7.69,32155.0,32172.0,32155.0,32172.0,47,0.0239
2025-08-02,Santander,Consorcio,51296.77,51204.0,629.33,51204.0,51211.0,51204.0,55566.0,48,1.2268
2025-08-02,Santander,Fid,42883.61,42882.0,2.69,42882.0,42888.0,42882.0,42888.0,41,0.0063
2025-08-02,Santander,Hdi,38488.41,38487.0,2.28,38487.0,38492.0,38487.0,38492.0,46,0.0059
2025-08-02,Santander,Mapfre,37855.35,37854.0,2.25,37854.0,37859.0,37854.0,37859.0,48,0.0059
2025-08-02,Santander,REALE,37290.35,37289.0,2.25,37289.0,37294.0,37289.0,37294.0,48,0.006
2025-08-02,Santander,Sura,30889.08,30888.0,1.8,30888.0,30892.0,30888.0,30892.0,48,0.0058
2025-08-02,Santander,ZURICH,32832.08,32831.0,1.8,32831.0,32835.0,32831.0,32835.0,48,0.0055
2025-08-02,Santander,Zenit,28436.83,28436.0,1.36,28436.0,28439.0,28436.0,28439.0,47,0.0048
2025-08-03,Falabella,Bci,47972.75,47976.0,5.69,47963.0,47976.0,47963.0,47976.0,44,0.0119
2025-08-03,Falabella,Cardif,34493.56,34496.0,4.04,34487.0,34496.0,34487.0,34496.0,48,0.0117
2025-08-03,Falabella,Consorcio,41276.02,41279.0,4.94,41268.0,41279.0,41268.0,41279.0,48,0.012
2025-08-03,Falabella,Fid,33140.27,33142.0,3.34,33134.0,33142.0,33134.0,33142.0,37,0.0101
2025-08-03,Falabella,Hdi,35856.56,35859.0,4.04,35850.0,35859.0,35850.0,35859.0,48,0.0113
2025-08-03,Falabella,Sura,35796.93,34807.0,2102.87,34798.0,39120.4,34798.0,44402.0,44,5.8744
2025-08-03,Falabella,Zenit,44105.12,44108.0,4.9,44097.0,44108.0,44097.0,44108.0,42,0.0111
2025-08-03,Falabella,Zurich,32160.79,32163.0,3.62,32155.0,32163.0,32155.0,32163.0,47,0.0113
2025-08-03,Santander,Consorcio,51199.62,51198.0,2.69,51198.0,51204.0,51198.0,51204.0,48,0.0053
2025-08-03,Santander,Fid,42878.18,42877.0,2.15,42877.0,42882.0,42877.0,42882.0,38,0.005
2025-08-03,Santander,Hdi,38483.28,38482.0,2.2,38482.0,38487.0,38482.0,38487.0,47,0.0057
2025-08-03,Santander,Mapfre,37850.35,37849.0,2.25,37849.0,37854.0,37849.0,37854.0,48,0.0059
2025-08-03,Santander,REALE,37285.35,37284.0,2.25,37284.0,37289.0,37284.0,37289.0,48,0.006
2025-08-03,Santander,Sura,30885.08,30884.0,1.8,30884.0,30888.0,30884.0,30888.0,48,0.0058
2025-08-03,Santander,ZURICH,32828.02,32827.0,1.76,32827.0,32831.0,32827.0,32831.0,47,0.0054
2025-08-03,Santander,Zenit,28433.07,28432.0,1.79,28432.0,28436.0,28432.0,28436.0,45,0.0063
2025-08-04,Falabella,Bci,48158.45,47976.0,275.84,47969.0,48557.0,47969.0,48557.0,47,0.5728
2025-08-04,Falabella,Cardif,34493.11,34492.0,1.81,34492.0,34496.0,34492.0,34496.0,47,0.0052
2025-08-04,Falabella,Consorcio,41274.62,41273.0,2.69,41273.0,41279.0,41273.0,41279.0,48,0.0065
2025-08-04,Falabella,Fid,33139.14,33138.0,1.83,33138.0,33142.0,33138.0,33142.0,42,0.0055
2025-08-04,Falabella,Hdi,35856.08,35855.0,1.8,35855.0,35859.0,35855.0,35859.0,48,0.005
2025-08-04,Falabella,Sura,35962.64,34807.0,2546.66,34802.0,39337.3,34802.0,44568.0,44,7.0814
2025-08-04,Falabella,Zenit,44272.48,44108.0,251.09,44103.0,44641.0,44103.0,44641.0,48,0.5671
2025-08-04,Falabella,Zurich,32160.08,32159.0,1.8,32159.0,32163.0,32159.0,32163.0,48,0.0056
2025-08-04,Santander,Consorcio,51193.07,51191.0,3.23,51191.0,51198.0,51191.0,51198.0,44,0.0063
2025-08-04,Santander,Fid,42872.74,42871.0,2.76,42871.0,42877.0,42871.0,42877.0,38,0.0064
2025-08-04,Santander,Hdi,38478.4,38477.0,2.27,38477.0,38482.0,38477.0,38482.0,43,0.0059
2025-08-04,Santander,Mapfre,37845.48,37844.0,2.31,37844.0,37849.0,37844.0,37849.0,44,0.0061
2025-08-04,Santander,REALE,37280.48,37279.0,2.31,37279.0,37284.0,37279.0,37284.0,44,0.0062
2025-08-04,Santander,Sura,30881.13,30880.0,1.82,30880.0,30884.0,30880.0,30884.0,46,0.0059
2025-08-04,Santander,ZURICH,32824.18,32823.0,1.85,32823.0,32827.0,32823.0,32827.0,44,0.0056
2025-08-04,Santander,Zenit,27723.86,28428.0,975.99,26406.0,28432.0,26406.0,28432.0,43,3.5204
2025-08-05,Falabella,Bci,48552.66,48551.0,2.71,48551.0,48557.0,48551.0,48557.0,47,0.0056
2025-08-05,Falabella,Cardif,34488.35,34487.0,2.25,34487.0,34492.0,34487.0,34492.0,48,0.0065
2025-08-05,Falabella,Consorcio,41269.41,41268.0,2.28,41268.0,41273.0,41268.0,41273.0,46,0.0055
2025-08-05,Falabella,Fid,33135.0,33134.0,1.76,33134.0,33138.0,33134.0,33138.0,32,0.0053
2025-08-05,Falabella,Hdi,37934.98,37979.0,310.0,37979.0,37984.0,35855.0,37984.0,47,0.8172
2025-08-05,Falabella,Sura,35955.24,34802.0,2421.68,34798.0,39940.5,34798.0,43926.0,46,6.7353
2025-08-05,Falabella,Zenit,44636.6,44635.0,2.68,44635.0,44641.0,44635.0,44641.0,45,0.006
2025-08-05,Falabella,Zurich,32156.11,32155.0,1.81,32155.0,32159.0,32155.0,32159.0,47,0.0056
2025-08-05,Santander,Consorcio,51185.75,51184.0,3.07,51184.0,51191.0,51184.0,51191.0,44,0.006
2025-08-05,Santander,Fid,42866.33,42865.0,2.53,42865.0,42871.0,42865.0,42871.0,36,0.0059
2025-08-05,Santander,Hdi,38473.28,38472.0,2.21,38472.0,38477.0,38472.0,38477.0,43,0.0057
2025-08-05,Santander,Mapfre,37840.25,37839.0,2.19,37839.0,37844.0,37839.0,37844.0,44,0.0058
2025-08-05,Santander,REALE,37275.31,37274.0,2.23,37274.0,37279.0,37274.0,37279.0,42,0.006
2025-08-05,Santander,Sura,30877.0,30876.0,1.75,30876.0,30880.0,30876.0,30880.0,44,0.0057
2025-08-05,Santander,ZURICH,32819.25,32818.0,2.19,32818.0,32823.0,32818.0,32823.0,44,0.0067
2025-08-05,Santander,Zenit,26403.75,26403.0,1.31,26403.0,26406.0,26403.0,26406.0,44,0.005
2025-08-06,Falabella,Bci,48545.79,48544.0,3.09,48544.0,48551.0,48544.0,48551.0,43,0.0064
2025-08-06,Falabella,Cardif,31210.71,30829.0,1129.03,30829.0,31929.2,30829.0,34487.0,48,3.6174
2025-08-06,Falabella,Consorcio,41264.35,41263.0,2.25,41263.0,41268.0,41263.0,41268.0,48,0.0055
2025-08-06,Falabella,Fid,33131.05,33130.0,1.78,33130.0,33134.0,33130.0,33134.0,42,0.0054
2025-08-06,Falabella,Hdi,37975.35,37974.0,2.25,37974.0,37979.0,37974.0,37979.0,48,0.0059
2025-08-06,Falabella,Sura,35922.5,34798.0,2279.17,34793.0,40188.6,34793.0,42648.0,48,6.3447
2025-08-06,Falabella,Zenit,44630.53,44629.0,2.65,44629.0,44635.0,44629.0,44635.0,43,0.0059
2025-08-06,Falabella,Zurich,32152.08,32151.0,1.8,32151.0,32155.0,32151.0,32155.0,48,0.0056
2025-08-06,Santander,Consorcio,51179.66,51178.0,2.71,51178.0,51184.0,51178.0,51184.0,47,0.0053
2025-08-06,Santander,Fid,42861.25,42860.0,2.19,42860.0,42865.0,42860.0,42865.0,40,0.0051
2025-08-06,Santander,Hdi,38468.38,38467.0,2.26,38467.0,38472.0,38467.0,38472.0,47,0.0059
2025-08-06,Santander,Mapfre,37835.35,37834.0,2.25,37834.0,37839.0,37834.0,37839.0,48,0.0059
2025-08-06,Santander,REALE,37270.35,37269.0,2.25,37269.0,37274.0,37269.0,37274.0,48,0.006
2025-08-06,Santander,Sura,30873.08,30872.0,1.8,30872.0,30876.0,30872.0,30876.0,48,0.0058
2025-08-06,Santander,ZURICH,32815.04,32814.0,1.78,32814.0,32818.0,32814.0,32818.0,46,0.0054
2025-08-06,Santander,Zenit,26400.07,26399.0,1.79,26399.0,26403.0,26399.0,26403.0,45,0.0068
2025-08-07,Falabella,Bci,47609.42,48538.0,1748.23,44403.0,48544.0,44403.0,48544.0,40,3.672
2025-08-07,Falabella,Cardif,34168.3,34478.0,1029.49,34478.0,34483.0,30829.0,34483.0,47,3.013
2025-08-07,Falabella,Consorcio,41258.62,41257.0,2.69,41257.0,41263.0,41257.0,41263.0,48,0.0065
2025-08-07,Falabella,Fid,33126.34,33125.0,2.24,33125.0,33130.0,33125.0,33130.0,41,0.0068
2025-08-07,Falabella,Hdi,37970.28,37969.0,2.2,37969.0,37974.0,37969.0,37974.0,47,0.0058
2025-08-07,Falabella,Sura,36045.95,34789.0,2589.59,34789.0,40831.5,34789.0,43057.0,44,7.1841
2025-08-07,Falabella,Zenit,43755.39,44624.0,1660.9,40660.0,44629.0,40660.0,44629.0,41,3.7959
2025-08-07,Falabella,Zurich,32148.21,32147.0,1.86,32147.0,32151.0,32147.0,32151.0,43,0.0058
2025-08-07,Santander,Consorcio,51172.79,51171.0,3.09,51171.0,51178.0,51171.0,51178.0,47,0.006
2025-08-07,Santander,Fid,42855.65,42854.0,2.71,42854.0,42860.0,42854.0,42860.0,40,0.0063
2025-08-07,Santander,Hdi,38463.3,38462.0,2.22,38462.0,38467.0,38462.0,38467.0,46,0.0058
2025-08-07,Santander,Mapfre,37830.35,37829.0,2.25,37829.0,37834.0,37829.0,37834.0,48,0.0059
2025-08-07,Santander,REALE,37266.08,37265.0,1.8,37265.0,37269.0,37265.0,37269.0,48,0.0048
2025-08-07,Santander,Sura,30869.08,30868.0,1.8,30868.0,30872.0,30868.0,30872.0,48,0.0058
2025-08-07,Santander,ZURICH,32811.07,32810.0,1.79,32810.0,32814.0,32810.0,32814.0,45,0.0055
2025-08-07,Santander,Zenit,26396.75,26396.0,1.32,26396.0,26399.0,26396.0,26399.0,36,0.005
2025-08-08,Falabella,Bci,48533.73,48532.0,2.75,48532.0,48538.0,48532.0,48538.0,45,0.0057
2025-08-08,Falabella,Cardif,34475.08,34474.0,1.8,34474.0,34478.0,34474.0,34478.0,48,0.0052
2025-08-08,Falabella,Consorcio,41253.35,41252.0,2.25,41252.0,41257.0,41252.0,41257.0,48,0.0055
2025-08-08,Falabella,Fid,33122.09,33121.0,1.8,33121.0,33125.0,33121.0,33125.0,44,0.0054
2025-08-08,Falabella,Hdi,37965.35,37964.0,2.25,37964.0,37969.0,37964.0,37969.0,48,0.0059
2025-08-08,Falabella,Sura,35537.75,34789.0,2495.87,33806.0,38069.3,33806.0,44593.0,48,7.0232
2025-08-08,Falabella,Zenit,44619.62,44618.0,2.69,44618.0,44624.0,44618.0,44624.0,48,0.006
2025-08-08,Falabella,Zurich,32144.08,32143.0,1.8,32143.0,32147.0,32143.0,32147.0,48,0.0056
2025-08-08,Santander,Consorcio,51166.9,51165.0,2.83,51165.0,51171.0,51165.0,51171.0,41,0.0055
2025-08-08,Santander,Fid,42850.59,42849.0,2.36,42849.0,42854.0,42849.0,42854.0,41,0.0055
2025-08-08,Santander,Hdi,38458.59,38457.0,2.36,38457.0,38462.0,38457.0,38462.0,41,0.0061
2025-08-08,Santander,Mapfre,37825.5,37824.0,2.32,37824.0,37829.0,37824.0,37829.0,40,0.0061
2025-08-08,Santander,REALE,37261.54,37260.0,2.34,37260.0,37265.0,37260.0,37265.0,39,0.0063
2025-08-08,Santander,Sura,29876.74,30864.0,2092.58,25551.0,30868.0,25551.0,30868.0,43,7.004
2025-08-08,Santander,ZURICH,32807.27,32806.0,1.88,32806.0,32810.0,32806.0,32810.0,41,0.0057
2025-08-08,Santander,Zenit,26393.3,26392.0,1.9,26392.0,26396.0,26392.0,26396.0,40,0.0072
2025-08-09,Falabella,Bci,48526.6,48525.0,2.98,48525.0,48532.0,48525.0,48532.0,35,0.0061
2025-08-09,Falabella,Cardif,35141.32,35220.0,232.74,34921.6,35224.0,34474.0,35224.0,47,0.6623
2025-08-09,Falabella,Consorcio,41248.35,41247.0,2.25,41247.0,41252.0,41247.0,41252.0,48,0.0055
2025-08-09,Falabella,Fid,33118.13,33117.0,1.82,33117.0,33121.0,33117.0,33121.0,46,0.0055
2025-08-09,Falabella,Hdi,37960.67,37959.0,2.39,37959.0,37964.0,37959.0,37964.0,39,0.0063
2025-08-09,Falabella,Sura,34909.11,33806.0,2235.49,33802.0,39207.0,33802.0,41555.0,46,6.4037
2025-08-09,Falabella,Zenit,44613.5,44612.0,2.63,44612.0,44618.0,44612.0,44618.0,36,0.0059
2025-08-09,Falabella,Zurich,32139.38,32138.0,2.26,32138.0,32143.0,32138.0,32143.0,47,0.007
2025-08-09,Santander,Consorcio,51252.66,51158.0,635.4,51158.0,51165.0,51158.0,55516.0,47,1.2397
2025-08-09,Santander,Fid,42844.64,42843.0,2.7,42843.0,42849.0,42843.0,42849.0,44,0.0063
2025-08-09,Santander,Hdi,38453.67,38452.0,2.39,38452.0,38457.0,38452.0,38457.0,39,0.0062
2025-08-09,Santander,Mapfre,37821.11,37820.0,1.81,37820.0,37824.0,37820.0,37824.0,47,0.0048
2025-08-09,Santander,REALE,37256.38,37255.0,2.26,37255.0,37260.0,37255.0,37260.0,47,0.0061
2025-08-09,Santander,Sura,25548.85,25548.0,1.37,25548.0,25551.0,25548.0,25551.0,46,0.0054
2025-08-09,Santander,ZURICH,32802.38,32801.0,2.26,32801.0,32806.0,32801.0,32806.0,47,0.0069
2025-08-09,Santander,Zenit,26389.77,26389.0,1.33,26389.0,26392.0,26389.0,26392.0,35,0.005
2025-08-10,Falabella,Bci,48536.59,48540.0,6.36,48525.0,48540.0,48525.0,48540.0,44,0.0131
2025-08-10,Falabella,Cardif,34555.42,34480.0,229.05,34470.0,34702.0,34470.0,35220.0,48,0.6628
2025-08-10,Falabella,Consorcio,41255.68,41259.0,5.43,41247.0,41259.0,41247.0,41259.0,47,0.0132
2025-08-10,Falabella,Fid,33123.85,33126.0,3.88,33117.0,33126.0,33117.0,33126.0,46,0.0117
2025-08-10,Falabella,Hdi,37967.02,37970.0,4.94,37959.0,37970.0,37959.0,37970.0,48,0.013
2025-08-10,Falabella,Sura,35184.79,33811.0,2749.3,33802.0,39464.9,33802.0,43035.0,48,7.8139
2025-08-10,Falabella,Zenit,44621.67,44625.0,5.74,44612.0,44625.0,44612.0,44625.0,43,0.0129
2025-08-10,Falabella,Zurich,32145.23,32148.0,4.52,32138.0,32148.0,32138.0,32148.0,47,0.0141
2025-08-10,Santander,Consorcio,51168.94,51173.0,6.74,51158.0,51173.0,51158.0,51173.0,48,0.0132
2025-08-10,Santander,Fid,42852.75,42856.0,5.69,42843.0,42856.0,42843.0,42856.0,44,0.0133
2025-08-10,Santander,Hdi,38459.89,38463.0,5.01,38452.0,38463.0,38452.0,38463.0,46,0.013
2025-08-10,Santander,Mapfre,37827.45,37830.0,4.41,37820.0,37830.0,37820.0,37830.0,47,0.0117
2025-08-10,Santander,REALE,37263.02,37266.0,4.94,37255.0,37266.0,37255.0,37266.0,48,0.0133
2025-08-10,Santander,Sura,25553.1,25555.0,3.14,25548.0,25555.0,25548.0,25555.0,48,0.0123
2025-08-10,Santander,ZURICH,32808.29,32811.0,4.49,32801.0,32811.0,32801.0,32811.0,48,0.0137
2025-08-10,Santander,Zenit,26394.87,26397.0,3.58,26389.0,26397.0,26389.0,26397.0,45,0.0136
2025-08-11,Falabella,Bci,45344.98,48540.0,6591.54,38843.0,52893.0,38843.0,52893.0,45,14.5364
2025-08-11,Falabella,Cardif,33538.33,32128.0,1501.84,32128.0,35240.0,32128.0,35240.0,48,4.478
2025-08-11,Falabella,Consorcio,38337.0,33016.0,5630.26,33016.0,45045.0,33016.0,45045.0,47,14.6862
2025-08-11,Falabella,Fid,34184.62,33126.0,8237.79,26509.0,44181.0,26509.0,44181.0,42,24.0979
2025-08-11,Falabella,Hdi,36077.19,30385.0,6317.91,30385.0,44148.0,30385.0,44148.0,48,17.5122
2025-08-11,Falabella,Sura,33125.6,33811.0,6597.28,27057.0,43404.2,27057.0,46824.0,45,19.916
2025-08-11,Falabella,Zenit,42994.98,44625.0,7448.73,35710.0,51849.0,35710.0,51849.0,44,17.3247
2025-08-11,Falabella,Zurich,30019.49,25726.0,4805.37,25726.0,36186.0,25726.0,36186.0,47,16.0075
2025-08-11,Santander,Consorcio,51184.05,51188.0,6.69,51173.0,51188.0,51173.0,51188.0,38,0.0131
2025-08-11,Santander,Fid,42864.33,42868.0,5.61,42856.0,42868.0,42856.0,42868.0,36,0.0131
2025-08-11,Santander,Hdi,38471.03,38474.0,4.95,38463.0,38474.0,38463.0,38474.0,37,0.0129
2025-08-11,Santander,Mapfre,37838.18,37841.0,4.87,37830.0,37841.0,37830.0,37841.0,39,0.0129
2025-08-11,Santander,REALE,37274.18,37277.0,4.87,37266.0,37277.0,37266.0,37277.0,39,0.0131
2025-08-11,Santander,Sura,25560.95,25563.0,3.53,25555.0,25563.0,25555.0,25563.0,43,0.0138
2025-08-11,Santander,ZURICH,32817.69,32820.0,3.98,32811.0,32820.0,32811.0,32820.0,39,0.0121
2025-08-11,Santander,Zenit,26401.94,26404.0,3.24,26397.0,26404.0,26397.0,26404.0,34,0.0123
2025-08-12,Falabella,Bci,38851.11,38854.0,4.91,38843.0,38854.0,38843.0,38854.0,38,0.0126
2025-08-12,Falabella,Cardif,28066.12,27946.0,2065.2,27938.0,29200.6,20406.0,32128.0,48,7.3583
2025-08-12,Falabella,Consorcio,33023.23,33026.0,4.52,33016.0,33026.0,33016.0,33026.0,47,0.0137
2025-08-12,Falabella,Fid,26513.98,26516.0,3.21,26509.0,26516.0,26509.0,26516.0,45,0.0121
2025-08-12,Falabella,Hdi,30391.56,30394.0,4.04,30385.0,30394.0,30385.0,30394.0,48,0.0133
2025-08-12,Falabella,Sura,28129.55,27065.0,2196.25,27057.0,32614.6,27057.0,34996.0,47,7.8076
2025-08-12,Falabella,Zenit,35718.11,35721.0,4.91,35710.0,35721.0,35710.0,35721.0,38,0.0137
2025-08-12,Falabella,Zurich,24965.7,24675.0,475.21,24675.0,25726.0,24675.0,25726.0,47,1.9035
2025-08-12,Santander,Consorcio,51196.94,51202.0,6.82,51188.0,51202.0,51188.0,51202.0,36,0.0133
2025-08-12,Santander,Fid,42875.76,42880.0,5.82,42868.0,42880.0,42868.0,42880.0,34,0.0136
2025-08-12,Santander,Hdi,38480.79,38485.0,5.43,38474.0,38485.0,38474.0,38485.0,34,0.0141
2025-08-12,Santander,Mapfre,37848.03,37852.0,5.36,37841.0,37852.0,37841.0,37852.0,36,0.0142
2025-08-12,Santander,REALE,37283.39,37287.0,4.87,37277.0,37287.0,37277.0,37287.0,36,0.0131
2025-08-12,Santander,Sura,25567.47,25570.0,3.41,25563.0,25570.0,25563.0,25570.0,36,0.0133
2025-08-12,Santander,ZURICH,31856.0,31536.0,564.47,31531.5,32820.0,31527.0,32820.0,36,1.7719
2025-08-12,Santander,Zenit,32323.7,32530.0,1118.06,32521.0,32530.0,26404.0,32530.0,30,3.4589
2025-08-13,Falabella,Bci,38862.02,38865.0,4.94,38854.0,38865.0,38854.0,38865.0,48,0.0127
2025-08-13,Falabella,Cardif,20410.38,20412.0,2.69,20406.0,20412.0,20406.0,20412.0,48,0.0132
2025-08-13,Falabella,Consorcio,33032.56,33035.0,4.04,33026.0,33035.0,33026.0,33035.0,48,0.0122
2025-08-13,Falabella,Fid,26520.53,26524.0,4.03,26516.0,26524.0,26516.0,26524.0,30,0.0152
2025-08-13,Falabella,Hdi,30400.56,30403.0,4.04,30394.0,30403.0,30394.0,30403.0,48,0.0133
2025-08-13,Falabella,Sura,27923.13,27072.0,1873.36,27065.0,30001.0,27065.0,34399.0,46,6.709
2025-08-13,Falabella,Zenit,35728.45,35731.0,4.41,35721.0,35731.0,35721.0,35731.0,47,0.0123
2025-08-13,Falabella,Zurich,24680.64,24683.0,3.69,24675.0,24683.0,24675.0,24683.0,44,0.015
2025-08-13,Santander,Consorcio,51213.0,51217.0,6.71,51202.0,51217.0,51202.0,51217.0,45,0.0131
2025-08-13,Santander,Fid,42887.55,42893.0,6.52,42880.0,42893.0,42880.0,42893.0,31,0.0152
2025-08-13,Santander,Hdi,38492.89,38496.0,5.01,38485.0,38496.0,38485.0,38496.0,46,0.013
2025-08-13,Santander,Mapfre,37859.89,37863.0,5.01,37852.0,37863.0,37852.0,37863.0,46,0.0132
2025-08-13,Santander,REALE,37294.89,37298.0,5.01,37287.0,37298.0,37287.0,37298.0,46,0.0134
2025-08-13,Santander,Sura,25575.02,25577.0,3.19,25570.0,25577.0,25570.0,25577.0,46,0.0125
2025-08-13,Santander,ZURICH,31598.72,31545.0,267.38,31536.0,31545.0,31536.0,32839.0,46,0.8462
2025-08-13,Santander,Zenit,32537.17,32540.0,4.55,32530.0,32540.0,32530.0,32540.0,46,0.014
2025-08-14,Falabella,Bci,33359.17,32397.0,2328.16,32388.0,38865.0,32388.0,38865.0,47,6.9791
2025-08-14,Falabella,Cardif,17840.17,17358.0,1154.24,17358.0,20412.0,17353.0,20823.0,46,6.4699
2025-08-14,Falabella,Consorcio,27972.7,27538.0,2650.41,27530.0,33035.0,21393.0,33035.0,46,9.475
2025-08-14,Falabella,Fid,22749.29,22110.0,1576.22,22093.0,26524.0,22093.0,26524.0,48,6.9287
2025-08-14,Falabella,Hdi,25988.06,25343.0,1707.18,25336.0,30403.0,25336.0,30403.0,47,6.5691
2025-08-14,Falabella,Sura,24113.26,22567.0,2081.51,22560.0,27072.0,22560.0,29050.0,47,8.6322
2025-08-14,Falabella,Zenit,30668.7,29784.0,2140.61,29776.0,35731.0,29776.0,35731.0,47,6.9798
2025-08-14,Falabella,Zurich,21824.11,21457.0,1244.52,20569.0,24683.0,20569.0,24683.0,47,5.7025
2025-08-14,Santander,Consorcio,51227.47,51232.0,6.97,51217.0,51232.0,51217.0,51232.0,43,0.0136
2025-08-14,Santander,Fid,42901.37,42905.0,5.58,42893.0,42905.0,42893.0,42905.0,43,0.013
2025-08-14,Santander,Hdi,38503.75,38507.0,5.08,38496.0,38507.0,38496.0,38507.0,44,0.0132
2025-08-14,Santander,Mapfre,37870.75,37874.0,5.08,37863.0,37874.0,37863.0,37874.0,44,0.0134
2025-08-14,Santander,REALE,37305.75,37309.0,5.08,37298.0,37309.0,37298.0,37309.0,44,0.0136
2025-08-14,Santander,Sura,25582.64,25585.0,3.69,25577.0,25585.0,25577.0,25585.0,44,0.0144
2025-08-14,Santander,ZURICH,32846.14,32849.0,4.57,32839.0,32849.0,32839.0,32849.0,42,0.0139
2025-08-14,Santander,Zenit,32546.34,32549.0,4.15,32540.0,32549.0,32540.0,32549.0,44,0.0128
2025-08-15,Falabella,Bci,42628.19,38888.0,7699.91,32397.0,52954.0,32397.0,52954.0,48,18.063
2025-08-15,Falabella,Cardif,20656.38,20424.0,1707.1,17358.0,22508.0,17015.0,22508.0,48,8.2643
2025-08-15,Falabella,Consorcio,24402.11,21393.0,5971.02,21393.0,34934.0,21393.0,34934.0,9,24.4693
2025-08-15,Falabella,Fid,31705.76,26520.0,8901.94,22093.0,44199.0,22093.0,44199.0,46,28.0767
2025-08-15,Falabella,Hdi,34270.98,30420.0,7299.39,25343.0,44199.0,25343.0,44199.0,48,21.299
2025-08-15,Falabella,Sura,31825.07,27088.0,7773.48,23471.2,43774.0,22567.0,47695.0,43,24.4256
2025-08-15,Falabella,Zenit,40265.46,35752.0,8561.87,29784.0,51909.0,29784.0,51909.0,48,21.2636
2025-08-15,Falabella,Zurich,28617.96,25755.0,5629.63,21457.0,36228.0,21457.0,36228.0,48,19.6717
2025-08-15,Santander,Consorcio,51244.14,51247.0,5.96,51232.0,51247.0,51232.0,51247.0,42,0.0116
2025-08-15,Santander,Fid,42914.98,42918.0,5.56,42905.0,42918.0,42905.0,42918.0,43,0.013
2025-08-15,Santander,Hdi,38515.0,38518.0,4.96,38507.0,38518.0,38507.0,38518.0,44,0.0129
2025-08-15,Santander,Mapfre,37881.96,37885.0,4.97,37874.0,37885.0,37874.0,37885.0,47,0.0131
2025-08-15,Santander,REALE,37313.19,37309.0,5.47,37309.0,37320.0,37309.0,37320.0,21,0.0147
2025-08-15,Santander,Sura,25590.1,25592.0,3.14,25585.0,25592.0,25585.0,25592.0,48,0.0123
2025-08-15,Santander,ZURICH,32855.65,32858.0,4.0,32849.0,32858.0,32849.0,32858.0,46,0.0122
2025-08-15,Santander,Zenit,32556.56,32559.0,4.35,32549.0,32559.0,32549.0,32559.0,45,0.0134
2025-08-16,Falabella,Bci,38896.02,38899.0,4.94,38888.0,38899.0,38888.0,38899.0,48,0.0127
2025-08-16,Falabella,Cardif,20428.34,20430.0,2.71,20424.0,20430.0,20424.0,20430.0,47,0.0133
2025-08-16,Falabella,Fid,26525.02,26527.0,3.19,26520.0,26527.0,26520.0,26527.0,46,0.012
2025-08-16,Falabella,Hdi,30426.56,30429.0,4.04,30420.0,30429.0,30420.0,30429.0,48,0.0133
2025-08-16,Falabella,Sura,28110.46,27096.0,2131.61,27088.0,32174.0,27088.0,34429.0,46,7.583
2025-08-16,Falabella,Zenit,35759.29,35762.0,4.49,35752.0,35762.0,35752.0,35762.0,48,0.0126
2025-08-16,Falabella,Zurich,25760.83,25763.0,3.59,25755.0,25763.0,25755.0,25763.0,48,0.0139
2025-08-16,Santander,Consorcio,51348.9,51262.0,630.81,51247.0,51262.0,51247.0,55628.0,48,1.2285
2025-08-16,Santander,Fid,42926.73,42930.0,5.41,42918.0,42930.0,42918.0,42930.0,44,0.0126
2025-08-16,Santander,Hdi,38526.53,38530.0,5.5,38518.0,38530.0,38518.0,38530.0,45,0.0143
2025-08-16,Santander,Mapfre,37893.02,37896.0,4.94,37885.0,37896.0,37885.0,37896.0,48,0.013
2025-08-16,Santander,Sura,25597.83,25600.0,3.59,25592.0,25600.0,25592.0,25600.0,48,0.014
2025-08-16,Santander,ZURICH,32865.23,32868.0,4.52,32858.0,32868.0,32858.0,32868.0,47,0.0138
2025-08-16,Santander,Zenit,32565.56,32568.0,4.04,32559.0,32568.0,32559.0,32568.0,48,0.0124
2025-08-17,Falabella,Bci,38907.37,38910.0,4.74,38899.0,38910.0,38899.0,38910.0,46,0.0122
2025-08-17,Falabella,Cardif,20434.38,20436.0,2.69,20430.0,20436.0,20430.0,20436.0,48,0.0132
2025-08-17,Falabella,Fid,26532.79,26535.0,3.62,26527.0,26535.0,26527.0,26535.0,47,0.0136
2025-08-17,Falabella,Hdi,30435.56,30438.0,4.04,30429.0,30438.0,30429.0,30438.0,48,0.0133
2025-08-17,Falabella,Sura,28121.23,27104.0,2027.87,27096.0,31661.9,27096.0,34380.0,48,7.2112
2025-08-17,Falabella,Zenit,35769.61,35772.0,4.31,35762.0,35772.0,35762.0,35772.0,46,0.012
2025-08-17,Falabella,Zurich,27165.5,25770.0,4141.99,25763.0,29794.5,25763.0,39185.0,48,15.2472
2025-08-17,Santander,Consorcio,51272.21,51276.0,6.29,51262.0,51276.0,51262.0,51276.0,48,0.0123
2025-08-17,Santander,Fid,42938.87,42942.0,5.33,42930.0,42942.0,42930.0,42942.0,46,0.0124
2025-08-17,Santander,Hdi,38538.7,38541.0,4.53,38530.0,38541.0,38530.0,38541.0,43,0.0118
2025-08-17,Santander,Mapfre,37904.02,37907.0,4.94,37896.0,37907.0,37896.0,37907.0,48,0.013
2025-08-17,Santander,Sura,25605.1,25607.0,3.14,25600.0,25607.0,25600.0,25607.0,48,0.0123
2025-08-17,Santander,ZURICH,32874.56,32877.0,4.04,32868.0,32877.0,32868.0,32877.0,48,0.0123
2025-08-17,Santander,Zenit,32574.7,32577.0,3.97,32568.0,32577.0,32568.0,32577.0,47,0.0122
2025-08-18,Falabella,Bci,38917.96,38921.0,4.97,38910.0,38921.0,38910.0,38921.0,47,0.0128
2025-08-18,Falabella,Cardif,20809.46,20854.0,128.72,20724.4,20854.0,20436.0,20854.0,48,0.6186
2025-08-18,Falabella,Consorcio,25701.0,25701.0,0.0,25701.0,25701.0,25701.0,25701.0,13,0.0
2025-08-18,Falabella,Fid,26666.06,26543.0,217.2,26535.0,27033.0,26535.0,27033.0,47,0.8145
2025-08-18,Falabella,Hdi,30444.56,30447.0,4.04,30438.0,30447.0,30438.0,30447.0,48,0.0133
2025-08-18,Falabella,Sura,28107.53,27112.0,2177.36,27104.0,31847.2,27104.0,34508.0,45,7.7465
2025-08-18,Falabella,Zenit,35779.96,35783.0,4.97,35772.0,35783.0,35772.0,35783.0,47,0.0139
2025-08-18,Falabella,Zurich,25775.83,25778.0,3.59,25770.0,25778.0,25770.0,25778.0,48,0.0139
2025-08-18,Santander,Consorcio,49397.12,51291.0,3973.62,41212.0,51291.0,41212.0,51291.0,48,8.0442
2025-08-18,Santander,Fid,43128.52,42955.0,321.7,42942.0,43696.0,42942.0,43696.0,46,0.7459
2025-08-18,Santander,Hdi,38549.12,38552.0,4.9,38541.0,38552.0,38541.0,38552.0,42,0.0127
2025-08-18,Santander,Mapfre,37915.02,37918.0,4.94,37907.0,37918.0,37907.0,37918.0,48,0.013
2025-08-18,Santander,Sura,25612.1,25614.0,3.14,25607.0,25614.0,25607.0,25614.0,48,0.0123
2025-08-18,Santander,ZURICH,32884.29,32887.0,4.49,32877.0,32887.0,32877.0,32887.0,48,0.0137
2025-08-18,Santander,Zenit,32584.29,32587.0,4.49,32577.0,32587.0,32577.0,32587.0,48,0.0138
2025-08-19,Falabella,Bci,38929.57,38933.0,5.49,38921.0,38933.0,38921.0,38933.0,42,0.0141
2025-08-19,Falabella,Cardif,20494.23,20448.0,132.06,20442.0,20772.8,20442.0,20854.0,43,0.6444
2025-08-19,Falabella,Consorcio,25706.77,25709.0,3.63,25701.0,25709.0,25701.0,25709.0,43,0.0141
2025-08-19,Falabella,Fid,28713.32,27041.0,3008.45,27033.0,34184.0,27033.0,34851.0,41,10.4775
2025-08-19,Falabella,Hdi,30452.77,30455.0,3.63,30447.0,30455.0,30447.0,30455.0,43,0.0119
2025-08-19,Falabella,Sura,27908.89,27119.0,1775.57,27112.0,30749.6,27112.0,33105.0,38,6.362
2025-08-19,Falabella,Zenit,35790.14,35793.0,4.57,35783.0,35793.0,35783.0,35793.0,42,0.0128
2025-08-19,Falabella,Zurich,25783.05,25785.0,3.18,25778.0,25785.0,25778.0,25785.0,43,0.0123
2025-08-19,Santander,Consorcio,41220.75,41224.0,5.39,41212.0,41224.0,41212.0,41224.0,48,0.0131
2025-08-19,Santander,Fid,47834.93,43709.0,5397.04,43696.0,55492.8,43696.0,56339.0,45,11.2826
2025-08-19,Santander,Hdi,38560.02,38563.0,4.94,38552.0,38563.0,38552.0,38563.0,48,0.0128
2025-08-19,Santander,Mapfre,37925.96,37929.0,4.97,37918.0,37929.0,37918.0,37929.0,47,0.0131
2025-08-19,Santander,Sura,24668.96,25622.0,2244.6,20640.0,25622.0,20640.0,30745.0,47,9.0989
2025-08-19,Santander,ZURICH,32893.51,32896.0,4.07,32887.0,32896.0,32887.0,32896.0,47,0.0124
2025-08-19,Santander,Zenit,32593.56,32596.0,4.04,32587.0,32596.0,32587.0,32596.0,48,0.0124
2025-08-20,Falabella,Bci,36176.85,35627.0,1245.63,35623.7,38933.0,35616.0,38933.0,48,3.4432
2025-08-20,Falabella,Cardif,20875.57,20866.0,90.95,20860.0,20866.0,20448.0,21095.0,47,0.4357
2025-08-20,Falabella,Consorcio,25131.92,25716.0,1223.83,22611.0,25716.0,22611.0,25716.0,48,4.8696
2025-08-20,Falabella,Fid,29085.84,27049.0,2986.77,27041.0,33338.2,27041.0,34390.0,43,10.2688
2025-08-20,Falabella,Hdi,30461.85,30464.0,3.88,30455.0,30464.0,30455.0,30464.0,46,0.0127
2025-08-20,Falabella,Sura,28472.34,27127.0,2599.67,27119.0,33561.8,27119.0,35254.0,47,9.1305
2025-08-20,Falabella,Zenit,35793.0,35793.0,0.0,35793.0,35793.0,35793.0,35793.0,8,0.0
2025-08-20,Falabella,Zurich,25790.83,25793.0,3.59,25785.0,25793.0,25785.0,25793.0,48,0.0139
2025-08-20,Santander,Consorcio,41232.94,41236.0,5.29,41224.0,41236.0,41224.0,41236.0,47,0.0128
2025-08-20,Santander,Fid,47295.17,43722.0,5146.77,43709.0,54870.2,43709.0,55902.0,42,10.8822
2025-08-20,Santander,Hdi,38571.32,38574.0,4.78,38563.0,38574.0,38563.0,38574.0,41,0.0124
2025-08-20,Santander,Mapfre,37937.37,37940.0,4.74,37929.0,37940.0,37929.0,37940.0,46,0.0125
2025-08-20,Santander,Sura,20644.38,20646.0,2.69,20640.0,20646.0,20640.0,20646.0,48,0.013
2025-08-20,Santander,ZURICH,32903.5,32906.0,4.38,32896.0,32906.0,32896.0,32906.0,44,0.0133
2025-08-20,Santander,Zenit,32603.39,32606.0,4.44,32596.0,32606.0,32596.0,32606.0,46,0.0136
2025-08-21,Falabella,Bci,35634.29,35637.0,4.49,35627.0,35637.0,35627.0,35637.0,48,0.0126
2025-08-21,Falabella,Cardif,21080.9,21107.0,74.09,21030.5,21107.0,20866.0,21107.0,48,0.3515
2025-08-21,Falabella,Consorcio,22615.34,22617.0,2.71,22611.0,22617.0,22611.0,22617.0,47,0.012
2025-08-21,Falabella,Fid,29420.59,27057.0,3152.62,27049.0,33830.5,27049.0,34479.0,46,10.7157
2025-08-21,Falabella,Hdi,30470.56,30473.0,4.04,30464.0,30473.0,30464.0,30473.0,48,0.0133
2025-08-21,Falabella,Sura,27917.04,27135.0,1902.12,27127.0,31366.5,26605.0,34341.0,46,6.8135
2025-08-21,Falabella,Zurich,25798.1,25800.0,3.14,25793.0,25800.0,25793.0,25800.0,48,0.0122
2025-08-21,Santander,Consorcio,41244.94,41248.0,5.29,41236.0,41248.0,41236.0,41248.0,47,0.0128
2025-08-21,Santander,Fid,47431.66,43734.0,5009.14,43722.0,54260.8,43722.0,56349.0,47,10.5608
2025-08-21,Santander,Hdi,38581.82,38585.0,5.04,38574.0,38585.0,38574.0,38585.0,45,0.0131
2025-08-21,Santander,Mapfre,37948.02,37951.0,4.94,37940.0,37951.0,37940.0,37951.0,48,0.013
2025-08-21,Santander,Sura,20650.38,20652.0,2.69,20646.0,20652.0,20646.0,20652.0,48,0.013
2025-08-21,Santander,ZURICH,32912.65,32915.0,4.0,32906.0,32915.0,32906.0,32915.0,46,0.0122
2025-08-21,Santander,Zenit,32612.6,32615.0,4.02,32606.0,32615.0,32606.0,32615.0,45,0.0123
2025-08-22,Falabella,Bci,35644.29,35647.0,4.49,35637.0,35647.0,35637.0,35647.0,48,0.0126
2025-08-22,Falabella,Cardif,23082.04,23313.0,680.62,22646.3,23313.0,21107.0,23313.0,48,2.9487
2025-08-22,Falabella,Consorcio,22622.21,22624.0,3.09,22617.0,22624.0,22617.0,22624.0,43,0.0137
2025-08-22,Falabella,Fid,29429.19,27064.0,3200.86,27057.0,34023.0,27057.0,34489.0,47,10.8765
2025-08-22,Falabella,Hdi,30479.56,30482.0,4.04,30473.0,30482.0,30473.0,30482.0,48,0.0133
2025-08-22,Falabella,Sura,27512.79,26613.0,2033.45,26605.0,30827.7,26605.0,34410.0,42,7.3909
2025-08-22,Falabella,Zurich,25805.06,25807.0,3.17,25800.0,25807.0,25800.0,25807.0,47,0.0123
2025-08-22,Santander,Consorcio,41256.25,41259.0,4.82,41248.0,41259.0,41248.0,41259.0,44,0.0117
2025-08-22,Santander,Fid,47394.35,43747.0,5084.52,43734.0,54643.0,43734.0,56133.0,46,10.7281
2025-08-22,Santander,Hdi,38592.89,38596.0,5.01,38585.0,38596.0,38585.0,38596.0,46,0.013
2025-08-22,Santander,Mapfre,37959.25,37962.0,4.82,37951.0,37962.0,37951.0,37962.0,44,0.0127
2025-08-22,Santander,Sura,20656.38,20658.0,2.69,20652.0,20658.0,20652.0,20658.0,48,0.013
2025-08-22,Santander,ZURICH,32922.45,32925.0,4.41,32915.0,32925.0,32915.0,32925.0,47,0.0134
2025-08-22,Santander,Zenit,32622.45,32625.0,4.41,32615.0,32625.0,32615.0,32625.0,47,0.0135
2025-08-23,Falabella,Bci,35654.96,35658.0,4.97,35647.0,35658.0,35647.0,35658.0,47,0.0139
2025-08-23,Falabella,Cardif,23318.02,23320.0,3.19,23313.0,23320.0,23313.0,23320.0,46,0.0137
2025-08-23,Falabella,Consorcio,22628.38,22630.0,2.69,22624.0,22630.0,22624.0,22630.0,48,0.0119
2025-08-23,Falabella,Fid,29323.54,27072.0,3151.0,27064.0,33958.5,27064.0,34793.0,46,10.7456
2025-08-23,Falabella,Hdi,30488.56,30491.0,4.04,30482.0,30491.0,30482.0,30491.0,48,0.0133
2025-08-23,Falabella,Sura,26900.65,26620.0,1041.43,26613.0,26663.3,26613.0,31335.0,40,3.8714
2025-08-23,Falabella,Zurich,25812.83,25815.0,3.59,25807.0,25815.0,25807.0,25815.0,48,0.0139
2025-08-23,Santander,Consorcio,41267.68,41271.0,5.43,41259.0,41271.0,41259.0,41271.0,47,0.0132
2025-08-23,Santander,Fid,47307.13,43759.0,5219.26,43747.0,55738.0,43747.0,56246.0,46,11.0327
2025-08-23,Santander,Hdi,38605.55,38608.0,4.9,38596.0,38608.0,38596.0,38608.0,44,0.0127
2025-08-23,Santander,Mapfre,37970.02,37973.0,4.94,37962.0,37973.0,37962.0,37973.0,48,0.013
2025-08-23,Santander,Sura,20662.38,20664.0,2.69,20658.0,20664.0,20658.0,20664.0,48,0.013
2025-08-23,Santander,ZURICH,32931.7,32934.0,3.97,32925.0,32934.0,32925.0,32934.0,47,0.0121
2025-08-23,Santander,Zenit,32631.56,32634.0,4.04,32625.0,32634.0,32625.0,32634.0,48,0.0124
2025-08-24,Falabella,Bci,35664.98,35668.0,4.65,35658.0,35668.0,35658.0,35668.0,43,0.013
2025-08-24,Falabella,Cardif,21353.54,21126.0,677.66,21120.0,21784.2,21120.0,23320.0,48,3.1735
2025-08-24,Falabella,Consorcio,25545.4,25746.0,769.5,25738.0,25746.0,22630.0,25746.0,47,3.0123
2025-08-24,Falabella,Fid,29473.46,27080.0,3187.41,27072.0,34223.5,27072.0,34508.0,46,10.8145
2025-08-24,Falabella,Hdi,30497.56,30500.0,4.04,30491.0,30500.0,30491.0,30500.0,48,0.0132
2025-08-24,Falabella,Sura,27322.38,26628.0,1487.64,26620.0,29351.8,26620.0,32995.0,47,5.4448
2025-08-24,Falabella,Zurich,25820.1,25822.0,3.14,25815.0,25822.0,25815.0,25822.0,48,0.0122
2025-08-24,Santander,Consorcio,41279.75,41283.0,5.39,41271.0,41283.0,41271.0,41283.0,48,0.0131
2025-08-24,Santander,Fid,47563.19,43772.0,5135.9,43759.0,54862.6,43759.0,56477.0,47,10.7981
2025-08-24,Santander,Hdi,38616.07,38619.0,4.92,38608.0,38619.0,38608.0,38619.0,45,0.0127
2025-08-24,Santander,Mapfre,37981.19,37984.0,4.85,37973.0,37984.0,37973.0,37984.0,47,0.0128
2025-08-24,Santander,Sura,20668.47,20670.0,2.64,20664.0,20670.0,20664.0,20670.0,47,0.0128
2025-08-24,Santander,ZURICH,32941.61,32944.0,4.31,32934.0,32944.0,32934.0,32944.0,46,0.0131
2025-08-24,Santander,Zenit,32640.7,32643.0,3.97,32634.0,32643.0,32634.0,32643.0,47,0.0122
2025-08-25,Falabella,Bci,35675.45,35678.0,4.41,35668.0,35678.0,35668.0,35678.0,47,0.0124
2025-08-25,Falabella,Cardif,23102.1,23333.0,680.98,22666.7,23333.0,21126.0,23333.0,48,2.9477
2025-08-25,Falabella,Consorcio,25751.1,25753.0,3.14,25746.0,25753.0,25746.0,25753.0,48,0.0122
2025-08-25,Falabella,Fid,29366.38,27088.0,3228.97,27080.0,33799.2,27068.0,34971.0,47,10.9955
2025-08-25,Falabella,Hdi,30505.83,30508.0,3.59,30500.0,30508.0,30500.0,30508.0,48,0.0118
2025-08-25,Falabella,Sura,27400.25,26636.0,1742.02,26628.0,29928.6,26628.0,33359.0,44,6.3577
2025-08-25,Falabella,Zurich,25827.83,25830.0,3.59,25822.0,25830.0,25822.0,25830.0,48,0.0139
2025-08-25,Santander,Consorcio,41291.87,41295.0,5.33,41283.0,41295.0,41283.0,41295.0,46,0.0129
2025-08-25,Santander,Fid,47538.98,43785.0,5076.72,43772.0,54589.6,43772.0,56023.0,47,10.6791
2025-08-25,Santander,Hdi,38627.07,38630.0,4.92,38619.0,38630.0,38619.0,38630.0,45,0.0127
2025-08-25,Santander,Mapfre,37992.19,37995.0,4.85,37984.0,37995.0,37984.0,37995.0,47,0.0128
2025-08-25,Santander,Sura,20674.38,20676.0,2.69,20670.0,20676.0,20670.0,20676.0,48,0.013
2025-08-25,Santander,ZURICH,32950.51,32953.0,4.07,32944.0,32953.0,32944.0,32953.0,47,0.0124
2025-08-25,Santander,Zenit,32650.29,32653.0,4.49,32643.0,32653.0,32643.0,32653.0,48,0.0138
2025-08-26,Falabella,Bci,31024.68,29740.0,3376.46,29740.0,35678.0,29732.0,48586.0,47,10.8831
2025-08-26,Falabella,Cardif,20223.43,19450.0,1613.09,19450.0,23333.0,19444.0,24047.0,47,7.9763
2025-08-26,Falabella,Consorcio,22709.04,21467.0,3078.06,21467.0,25753.0,21461.0,35045.0,46,13.5543
2025-08-26,Falabella,Fid,27452.07,28267.0,4814.02,23563.0,29879.5,23556.0,45998.0,46,17.5361
2025-08-26,Falabella,Hdi,23748.6,22236.0,3859.1,22236.0,26675.0,22229.0,39183.0,48,16.2498
2025-08-26,Falabella,Sura,24636.61,22973.0,3826.7,22197.0,27643.0,22197.0,37086.0,31,15.5326
2025-08-26,Falabella,Zurich,23486.8,22449.0,3052.94,22449.0,25830.0,21525.0,36333.0,46,12.9985
2025-08-26,Santander,Consorcio,41303.75,41307.0,5.39,41295.0,41307.0,41295.0,41307.0,48,0.013
2025-08-26,Santander,Fid,48531.09,44654.0,5289.82,44641.0,55978.8,43785.0,57094.0,47,10.8999
2025-08-26,Santander,Hdi,36805.55,36764.0,288.43,36753.0,36764.0,36753.0,38630.0,42,0.7837
2025-08-26,Santander,Mapfre,38003.02,38006.0,4.94,37995.0,38006.0,37995.0,38006.0,48,0.013
2025-08-26,Santander,Sura,20680.38,20682.0,2.69,20676.0,20682.0,20676.0,20682.0,48,0.013
2025-08-26,Santander,ZURICH,34412.29,34415.0,4.49,34405.0,34415.0,34405.0,34415.0,48,0.013
2025-08-26,Santander,Zenit,32659.56,32662.0,4.04,32653.0,32662.0,32653.0,32662.0,48,0.0124
2025-08-27,Falabella,Bci,34810.43,35699.0,2144.04,29740.0,35699.0,29740.0,35699.0,47,6.1592
2025-08-27,Falabella,Cardif,20819.75,21144.0,853.15,19450.0,21144.0,17615.0,21144.0,48,4.0978
2025-08-27,Falabella,Consorcio,25075.06,25768.0,1571.88,21467.0,25768.0,21467.0,25768.0,48,6.2687
2025-08-27,Falabella,Fid,29880.96,28284.0,4098.39,23563.0,35510.2,23563.0,35974.0,47,13.7157
2025-08-27,Falabella,Hdi,26040.31,26691.0,1588.57,22236.0,26691.0,22236.0,26691.0,48,6.1004
2025-08-27,Falabella,Sura,27026.67,26651.0,2624.21,23091.2,30262.4,22203.0,34401.0,43,9.7097
2025-08-27,Falabella,Zurich,26289.19,26946.0,1603.55,22449.0,26946.0,22449.0,26946.0,48,6.0997
2025-08-27,Santander,Consorcio,41315.75,41319.0,5.39,41307.0,41319.0,41307.0,41319.0,48,0.013
2025-08-27,Santander,Fid,48450.22,44667.0,5279.5,44654.0,56270.5,44654.0,56917.0,46,10.8968
2025-08-27,Santander,Hdi,36771.29,36774.0,4.49,36764.0,36774.0,36764.0,36774.0,48,0.0122
2025-08-27,Santander,Mapfre,38014.02,38017.0,4.94,38006.0,38017.0,38006.0,38017.0,48,0.013
2025-08-27,Santander,Sura,21016.81,20688.0,836.69,20682.0,23071.0,20682.0,23071.0,36,3.9811
2025-08-27,Santander,ZURICH,34422.23,34425.0,4.52,34415.0,34425.0,34415.0,34425.0,47,0.0131
2025-08-27,Santander,Zenit,32669.29,32672.0,4.49,32662.0,32672.0,32662.0,32672.0,48,0.0137
2025-08-28,Falabella,Bci,35706.29,35709.0,4.49,35699.0,35709.0,35699.0,35709.0,48,0.0126
2025-08-28,Falabella,Cardif,20980.25,21150.0,330.37,20343.0,21150.0,20343.0,21150.0,48,1.5747
2025-08-28,Falabella,Consorcio,22661.06,22663.0,3.17,22656.0,22663.0,22656.0,22663.0,47,0.014
2025-08-28,Falabella,Fid,30800.51,28292.0,3448.48,28284.0,35969.0,28284.0,36358.0,45,11.1962
2025-08-28,Falabella,Hdi,26696.1,26698.0,3.14,26691.0,26698.0,26691.0,26698.0,48,0.0118
2025-08-28,Falabella,Sura,27736.34,26659.0,2160.4,26651.0,31687.6,26651.0,34273.0,47,7.7891
2025-08-28,Falabella,Zurich,27477.57,26954.0,2521.47,26946.0,26954.0,26946.0,39310.0,47,9.1765
2025-08-28,Santander,Consorcio,41327.75,41331.0,5.39,41319.0,41331.0,41319.0,41331.0,48,0.013
2025-08-28,Santander,Fid,48742.75,44680.0,5475.13,44667.0,56598.0,44667.0,57246.0,44,11.2327
2025-08-28,Santander,Hdi,36782.19,36785.0,4.85,36774.0,36785.0,36774.0,36785.0,47,0.0132
2025-08-28,Santander,Mapfre,38025.02,38028.0,4.94,38017.0,38028.0,38017.0,38028.0,48,0.013
2025-08-28,Santander,Sura,23076.1,23078.0,3.14,23071.0,23078.0,23071.0,23078.0,48,0.0136
2025-08-28,Santander,ZURICH,34432.45,34435.0,4.41,34425.0,34435.0,34425.0,34435.0,47,0.0128
2025-08-28,Santander,Zenit,32678.51,32681.0,4.07,32672.0,32681.0,32672.0,32681.0,47,0.0125
2025-08-29,Falabella,Bci,35716.23,35719.0,4.52,35709.0,35719.0,35709.0,35719.0,47,0.0127
2025-08-29,Falabella,Cardif,20347.38,20349.0,2.69,20343.0,20349.0,20343.0,20349.0,48,0.0132
2025-08-29,Falabella,Consorcio,22999.23,22670.0,970.88,22663.0,23915.2,22663.0,25783.0,47,4.2214
2025-08-29,Falabella,Fid,30785.45,28300.0,3360.58,28292.0,35570.0,28292.0,36133.0,47,10.9161
2025-08-29,Falabella,Hdi,26703.96,26706.0,3.53,26698.0,26706.0,26698.0,26706.0,47,0.0132
2025-08-29,Falabella,Sura,28089.35,26667.0,2502.01,26659.0,32293.4,26659.0,34499.0,40,8.9073
2025-08-29,Falabella,Zurich,26959.79,26962.0,3.62,26954.0,26962.0,26954.0,26962.0,47,0.0134
2025-08-29,Santander,Consorcio,41339.75,41343.0,5.39,41331.0,41343.0,41331.0,41343.0,48,0.013
2025-08-29,Santander,Fid,48926.93,44693.0,5441.47,44680.0,56511.3,44680.0,57024.0,44,11.1216
2025-08-29,Santander,Hdi,36792.33,36795.0,4.47,36785.0,36795.0,36785.0,36795.0,45,0.0121
2025-08-29,Santander,Mapfre,38036.02,38039.0,4.94,38028.0,38039.0,38028.0,38039.0,48,0.013
2025-08-29,Santander,Sura,23082.38,23084.0,2.69,23078.0,23084.0,23078.0,23084.0,48,0.0117
2025-08-29,Santander,ZURICH,34442.29,34445.0,4.49,34435.0,34445.0,34435.0,34445.0,48,0.013
2025-08-29,Santander,Zenit,32688.29,32691.0,4.49,32681.0,32691.0,32681.0,32691.0,48,0.0137
2025-08-30,Falabella,Bci,35727.02,35730.0,4.94,35719.0,35730.0,35719.0,35730.0,48,0.0138
2025-08-30,Falabella,Cardif,23051.46,23367.0,931.29,22456.7,23367.0,20349.0,23367.0,48,4.04
2025-08-30,Falabella,Consorcio,22674.34,22676.0,2.71,22670.0,22676.0,22670.0,22676.0,47,0.012
2025-08-30,Falabella,Fid,31020.16,28308.0,3423.17,28300.0,35468.2,28300.0,36537.0,43,11.0353
2025-08-30,Falabella,Hdi,26711.83,26714.0,3.59,26706.0,26714.0,26706.0,26714.0,48,0.0134
2025-08-30,Falabella,Sura,27673.87,26674.0,2196.74,26667.0,31273.4,26667.0,34529.0,45,7.938
2025-08-30,Falabella,Zurich,26967.79,26970.0,3.62,26962.0,26970.0,26962.0,26970.0,47,0.0134
2025-08-30,Santander,Consorcio,41351.75,41355.0,5.39,41343.0,41355.0,41343.0,41355.0,48,0.013
2025-08-30,Santander,Fid,48503.2,44706.0,5142.06,44693.0,55560.4,44693.0,57591.0,44,10.6015
2025-08-30,Santander,Hdi,36802.89,36806.0,5.01,36795.0,36806.0,36795.0,36806.0,46,0.0136
2025-08-30,Santander,Mapfre,38047.19,38050.0,4.85,38039.0,38050.0,38039.0,38050.0,47,0.0127
2025-08-30,Santander,Sura,23089.06,23091.0,3.17,23084.0,23091.0,23084.0,23091.0,47,0.0137
2025-08-30,Santander,ZURICH,34452.45,34455.0,4.41,34445.0,34455.0,34445.0,34455.0,47,0.0128
2025-08-30,Santander,Zenit,32697.56,32700.0,4.04,32691.0,32700.0,32691.0,32700.0,48,0.0124
2025-08-31,Falabella,Bci,35730.0,35730.0,0.0,35730.0,35730.0,35730.0,35730.0,4,0.0
2025-08-31,Falabella,Cardif,23367.0,23367.0,0.0,23367.0,23367.0,23367.0,23367.0,4,0.0
2025-08-31,Falabella,Consorcio,22676.0,22676.0,0.0,22676.0,22676.0,22676.0,22676.0,4,0.0
2025-08-31,Falabella,Fid,28308.0,28308.0,0.0,28308.0,28308.0,28308.0,28308.0,3,0.0
2025-08-31,Falabella,Hdi,26714.0,26714.0,0.0,26714.0,26714.0,26714.0,26714.0,4,0.0
2025-08-31,Falabella,Sura,26674.0,26674.0,0.0,26674.0,26674.0,26674.0,26674.0,4,0.0
2025-08-31,Falabella,Zurich,26970.0,26970.0,0.0,26970.0,26970.0,26970.0,26970.0,4,0.0
2025-08-31,Santander,Consorcio,41355.0,41355.0,0.0,41355.0,41355.0,41355.0,41355.0,4,0.0
2025-08-31,Santander,Fid,44706.0,44706.0,0.0,44706.0,44706.0,44706.0,44706.0,3,0.0
2025-08-31,Santander,Hdi,36806.0,36806.0,0.0,36806.0,36806.0,36806.0,36806.0,4,0.0
2025-08-31,Santander,Mapfre,38050.0,38050.0,0.0,38050.0,38050.0,38050.0,38050.0,4,0.0
2025-08-31,Santander,Sura,23091.0,23091.0,0.0,23091.0,23091.0,23091.0,23091.0,4,0.0
2025-08-31,Santander,ZURICH,34455.0,34455.0,0.0,34455.0,34455.0,34455.0,34455.0,4,0.0
2025-08-31,Santander,Zenit,32700.0,32700.0,0.0,32700.0,32700.0,32700.0,32700.0,4,0.0
